연번,구분,시설명칭,주소,위도,경도,데이터기준일자
1,배수펌프장,용봉배수펌프장,광주광역시 광산구 용봉길92(용봉동),35.07161914,126.7715351,2022.12.31
2,배수펌프장,동곡배수펌프장,광주광역시 광산구 마곡길39(본덕동),35.08427902,126.7876319,2022.12.31
3,배수펌프장,송대배수펌프장,광주광역시 광산구 송대동 13-5,35.10579172,126.8045407,2022.12.31
4,배수펌프장,우산배수펌프장,광주광역시 광산구 우산천변길261(우산동),35.15318904,126.8233164,2022.12.31
5,배수펌프장,운남배수펌프장,광주광역시 광산구 우산동 591,35.16568478,126.8208798,2022.12.31
6,배수펌프장,송정배수펌프장,광주광역시 광산구 황룡동 415-4,35.12479371,126.7853887,2022.12.31
7,배수펌프장,죽산배수펌프장,광주광역시 광산구 송산동 255-10,35.15823595,126.7332433,2022.12.31
8,배수펌프장,산수배수펌프장,광주광역시 광산구 송치동 183-18,35.17388253,126.7404356,2022.12.31
9,배수펌프장,산막배수펌프장,광주광역시 광산구 선동 3-9,35.1968948,126.7584374,2022.12.31
10,배수펌프장,와산배수펌프장,광주광역시 광산구 오산동 46-8,35.24002729,126.7336911,2022.12.31
11,간이배수장,서호 간이배수장,광주광역시 광산구 유계동 520-2,35.08940011,126.7853113,2022.12.31
12,간이배수장,신촌 간이배수장,광주광역시 광산구 신촌동 59-4,35.13726447,126.8213065,2022.12.31
13,간이배수장,장암 간이배수장,광주광역시 광산구 우산동 220-31,35.14250381,126.8259544,2022.12.31
14,간이배수장,매결마을 간이배수장,광주광역시 광산구 신창동 1021-13,35.18190198,126.8412353,2022.12.31
15,간이배수장,신창1 간이배수장,광주광역시 광산구 신창동 170-16,35.18305942,126.8501561,2022.12.31
16,간이배수장,신가1 간이배수장,광주광역시 광산구 신가동 743-1,35.17691295,126.8294116,2022.12.31
17,간이배수장,신가2 간이배수장,광주광역시 광산구 신가동 756-12,35.17635883,126.8302051,2022.12.31
18,간이배수장,신기마을 간이배수장,광주광역시 광산구 신창동 77-32,35.18977158,126.8584304,2022.12.31
19,간이배수장,산월1 간이배수장,광주광역시 광산구 신창동 10-41,35.19514616,126.8543216,2022.12.31
20,간이배수장,산월2 간이배수장,광주광역시 광산구 신창동 10-4,35.19509529,126.8539918,2022.12.31
21,간이배수장,장록3 간이배수장,광주광역시 광산구 장록동 1-136,35.13736718,126.7820107,2022.12.31
22,간이배수장,신덕 간이배수장,광주광역시 광산구 송정동1125-15,35.13499151,126.7862917,2022.12.31
23,간이배수장,월봉 간이배수장,광주광역시 광산구 산월동 819-6,35.19798737,126.8513998,2022.12.31
24,간이배수장,도산 우방 간이배수장,광주광역시 광산구 평동로1098번길 185,35.12815313,126.7822794,2022.12.31
25,간이배수장,박뫼마을 간이배수장,광주광역시 광산구 박호동 585-10,35.16077232,126.7382636,2022.12.31
26,배수문,용봉배수펌프장 배수문,광주광역시 광산구 용봉길 92,35.07161914,126.7715351,2022.12.31
27,배수문,동곡배수펌프장 배수문,광주광역시 광산구 마곡길 39,35.08427902,126.7876319,2022.12.31
28,배수문,송정배수펌프장 배수문,광주광역시 광산구 황룡동 415-4,35.12479371,126.7853887,2022.12.31
29,배수문,송대배수펌프장 배수문,광주광역시 광산구 송대동 13-5,35.10579172,126.8045407,2022.12.31
30,배수문,우산배수펌프장 배수문,광주광역시 광산구 우산천변길 261,35.15318904,126.8233164,2022.12.31
31,배수문,운남배수펌프장 배수문,광주광역시 광산구 풍영철길로 106-2,35.16549724,126.820837,2022.12.31
32,배수문,죽산배수펌프장 배수문,광주광역시 광산구 송산동 255-10,35.15823595,126.7332433,2022.12.31
33,배수문,산수배수펌프장 배수문,광주광역시 광산구 송치동 183-18,35.17388253,126.7404356,2022.12.31
34,배수문,산막배수펌프장 배수문,광주광역시 광산구 선동 3-9,35.1968948,126.7584374,2022.12.31
35,배수문,서호간이배수장 배수문,광주광역시 광산구 유계동 520-2,35.08940011,126.7853113,2022.12.31
36,배수문,신촌간이배수장 배수문,광주광역시 광산구 신촌동 59-2,35.13701483,126.8215167,2022.12.31
37,배수문,신창간이배수장 배수문,광주광역시 광산구 신창동 868-3,35.18147006,126.8403528,2022.12.31
38,배수문,신창1간이배수장 배수문,광주광역시 광산구 신창동 199-7,35.1824028,126.8503183,2022.12.31
39,배수문,산월1간이배수장 배수문,광주광역시 광산구 신창동 10-41,35.19514616,126.8543216,2022.12.31
40,배수문,산월2간이배수장 배수문,광주광역시 광산구 신창동 10-4,35.19509529,126.8539918,2022.12.31
41,배수문,장록3간이배수장 배수문,광주광역시 광산구 장록동 1-136,35.13736718,126.7820107,2022.12.31
42,배수문,신덕간이배수장 배수문,광주광역시 광산구 송정동1125-15,35.13499151,126.7862917,2022.12.31
43,배수문,월봉간이배수장 배수문,광주광역시 광산구 산월동 819-7,35.19807567,126.851662,2022.12.31
44,배수문,마곡 배수문,광주광역시 광산구 본덕동 37,35.08051983,126.7869493,2022.12.31
45,배수문,송대1 배수문,광주광역시 광산구 송대동 619-2,35.10634069,126.7967775,2022.12.31
46,배수문,송대2 배수문,광주광역시 광산구 송대동 844-2,35.10848833,126.7951454,2022.12.31
47,배수문,대촌 배수문,광주광역시 광산구 송대동 577,35.10532258,126.7933556,2022.12.31
48,배수문,유림 배수문,광주광역시 광산구 유계동 553-4,35.09157007,126.7852124,2022.12.31
49,배수문,하산3 배수문,광주광역시 광산구 하산동 502-8,35.10060283,126.7752082,2022.12.31
50,배수문,하산1 배수문,광주광역시 광산구 하산동 485-9,35.10320483,126.7725635,2022.12.31
51,배수문,하산2 배수문,광주광역시 광산구 하산동 477-10,35.10416222,126.7726367,2022.12.31
52,배수문,옥동 배수문,광주광역시 광산구 연산동 1137-5,35.1180345,126.7577968,2022.12.31
53,배수문,장록1 배수문,광주광역시 광산구 장록동 51-4,35.12890407,126.7772302,2022.12.31
54,배수문,장록2 배수문,광주광역시 광산구 장록동 738-6,35.13301249,126.779851,2022.12.31
55,배수문,장록4 배수문,광주광역시 광산구 장록동 122-3,35.131763,126.779194,2022.12.31
56,배수문,지죽 배수문,광주광역시 광산구 지죽동 233-2,35.14649961,126.7620051,2022.12.31
57,배수문,운평 배수문,광주광역시 광산구 지평동 138-3,35.15705961,126.7317805,2022.12.31
58,배수문,입석 배수문,광주광역시 광산구 산수동 142-1,35.17965101,126.7477739,2022.12.31
59,배수문,본량3 배수문,광주광역시 광산구 산수동 101-1,35.18619694,126.7498764,2022.12.31
60,배수문,본량2 배수문,광주광역시 광산구 산수동 47-1,35.19069545,126.7505523,2022.12.31
61,배수문,본량1 배수문,광주광역시 광산구 선동 46-2,35.19407759,126.7544277,2022.12.31
62,배수문,임곡 배수문,광주광역시 광산구 임곡동 716-1,35.21502467,126.742613,2022.12.31
63,배수문,금석 배수문,광주광역시 광산구 사호동 626-1,35.21885442,126.7366248,2022.12.31
64,배수문,사호 배수문,광주광역시 광산구 사호동 253-1,35.22363745,126.7335527,2022.12.31
65,배수문,광산2 배수문,광주광역시 광산구 광산동 687-65,35.24190906,126.7389221,2022.12.31
66,배수문,광산1 배수문,광주광역시 광산구 광산동 233-5,35.24501238,126.7390012,2022.12.31
67,배수문,산막 배수문,광주광역시 광산구 선동 1-6,35.19670731,126.758886,2022.12.31
68,배수문,등임 배수문,광주광역시 광산구 등임동 501-5,35.18516935,126.7519562,2022.12.31
69,배수문,박호5 배수문,광주광역시 광산구 박호동 232-1,35.17889843,126.7502329,2022.12.31
70,배수문,박호4 배수문,광주광역시 광산구 박호동 620-3,35.17713589,126.7481709,2022.12.31
71,배수문,박호3 배수문,광주광역시 광산구 박호동 627,35.17579973,126.7461484,2022.12.31
72,배수문,박호2 배수문,광주광역시 광산구 박호동 292-4,35.17428318,126.7453219,2022.12.31
73,배수문,박호1 배수문,광주광역시 광산구 박호동 634-2,35.17112458,126.7408244,2022.12.31
74,자연배수문,용봉 자연배수문,광주광역시 광산구 용봉동 251-24,35.07121811,126.772536,2022.12.31
75,자연배수문,신기 자연배수문,광주광역시 광산구 신창동 77-29,35.18951901,126.8585834,2022.12.31
76,자연배수문,용봉 1 자연배수문,광주광역시 광산구 용봉동 44-42,35.07350232,126.778405,2022.12.31
77,자연배수문,용봉 2 자연배수문,광주광역시 광산구 용봉동 39-23,35.07477662,126.7802085,2022.12.31
78,자연배수문,마곡 자연배수문,광주광역시 광산구 본덕동 37,35.08051983,126.7869493,2022.12.31
79,자연배수문,운남 1 자연배수문,광주광역시 광산구 운남동 544-59,35.16734331,126.8242219,2022.12.31
80,자연배수문,운남 3 자연배수문,광주광역시 광산구 운남동 20-2,35.17107407,126.8291663,2022.12.31
81,자연배수문,신가 자연배수문,광주광역시 광산구 신가동 200-289,35.17218579,126.8318673,2022.12.31
82,자연배수문,운남 5 자연배수문,광주광역시 광산구 신가동 100-1,35.17526075,126.8360579,2022.12.31
83,자연배수문,신창 1 자연배수문,광주광역시 광산구 신창동 201-5,35.18247633,126.850516,2022.12.31
84,자연배수문,신창 1-1 자연배수문,광주광역시 광산구 신창동 77-170,35.18816085,126.8582688,2022.12.31
85,자연배수문,신창 1-2 자연배수문,광주광역시 광산구 신창동 11-4,35.19214137,126.8585434,2022.12.31
86,자연배수문,신창 1-3 자연배수문,광주광역시 광산구 신창동 11-4,35.19214137,126.8585434,2022.12.31
87,자연배수문,신창 2 자연배수문,광주광역시 광산구 신창동 165-8,35.18228107,126.8481784,2022.12.31
88,자연배수문,월봉 2 자연배수문,광주광역시 광산구 산월동 334-12,35.20512073,126.8522559,2022.12.31
89,자연배수문,도산우방 자연배수문,광주광역시 광산구 평동로1098번길 185,35.12815313,126.7822794,2022.12.31
90,자연배수문,용운 자연배수문,광주광역시 광산구 선암동 41-2,35.14098456,126.7853685,2022.12.31
91,자연배수문,송산교 1 자연배수문,광주광역시 광산구 지평동 105-9,35.15405524,126.7356912,2022.12.31
92,자연배수문,송산교 2 자연배수문,광주광역시 광산구 지평동 106-1,35.15350902,126.7371436,2022.12.31
93,자연배수문,박호 1 자연배수문,광주광역시 광산구 박호동 584-25,35.17000925,126.739399,2022.12.31
94,자연배수문,박호 3 자연배수문,광주광역시 광산구 송치동 60-18,35.17242369,126.742975,2022.12.31
95,자연배수문,황계 1 자연배수문,광주광역시 광산구 남산동 24-2,35.16777025,126.7349789,2022.12.31
96,자연배수문,본량 3 자연배수문,광주광역시 광산구 산수동 21-3,35.19164663,126.7513293,2022.12.31
97,자연배수문,본량 4 자연배수문,광주광역시 광산구 선동 716-23,35.19248646,126.7525385,2022.12.31
98,자연배수문,본량 5 자연배수문,광주광역시 광산구 선동 780-1,35.19312725,126.7531656,2022.12.31
99,자연배수문,본량 7 자연배수문,광주광역시 광산구 선동 43-3,35.19517264,126.7553193,2022.12.31
100,자연배수문,본량 8 자연배수문,광주광역시 광산구 선동 14-1,35.19598943,126.7559819,2022.12.31
101,자연배수문,본량 9 자연배수문,광주광역시 광산구 선동 23-1,35.19806688,126.7566168,2022.12.31
102,자연배수문,본량 10 자연배수문,광주광역시 광산구 산막동 504-17,35.20153895,126.7570977,2022.12.31
103,자연배수문,본량 11 자연배수문,광주광역시 광산구 선동 701-16,35.20328787,126.757067,2022.12.31
104,자연배수문,본량 12 자연배수문,광주광역시 광산구 선동 293-3,35.20535433,126.7551095,2022.12.31
105,자연배수문,본량 13 자연배수문,광주광역시 광산구 선동 698-4,35.20626355,126.7541491,2022.12.31
106,자연배수문,산막 1 자연배수문,광주광역시 광산구 산막동 825-2,35.18966095,126.7524283,2022.12.31
107,자연배수문,산막 2 자연배수문,광주광역시 광산구 산막동 820-2,35.19086434,126.7530457,2022.12.31
108,자연배수문,산막 4 자연배수문,광주광역시 광산구 산막동 508-1,35.19973633,126.7589884,2022.12.31
109,자연배수문,산막 5 자연배수문,광주광역시 광산구 산막동 515-6,35.20108119,126.7593281,2022.12.31
110,자연배수문,산막 6 자연배수문,광주광역시 광산구 산막동 485-3,35.20493882,126.7579434,2022.12.31
111,자연배수문,산막 7 자연배수문,광주광역시 광산구 산막동 344-10,35.20636654,126.756541,2022.12.31
112,자연배수문,광산 1 자연배수문,광주광역시 광산구 광산동 666-22,35.22516259,126.7356348,2022.12.31
113,자연배수문,광산 2 자연배수문,광주광역시 광산구 광산동 645-5,35.23284927,126.7333312,2022.12.31
114,자연배수문,광산 3 자연배수문,광주광역시 광산구 광산동 328-2,35.23864127,126.7367311,2022.12.31
115,자연배수문,광산 3-1 자연배수문,광주광역시 광산구 광산동 328-2,35.23864127,126.7367311,2022.12.31
116,자연배수문,광산 4 자연배수문,광주광역시 광산구 광산동 335-16,35.23920833,126.7380318,2022.12.31
117,자연배수문,광산 6 자연배수문,광주광역시 광산구 광산동 687-7,35.24381904,126.739059,2022.12.31
118,자연배수문,광산 8 자연배수문,광주광역시 광산구 광산동 230-21,35.24696589,126.7402297,2022.12.31
119,자연배수문,광산 9 자연배수문,광주광역시 광산구 광산동 230-18,35.24871142,126.7411911,2022.12.31
120,자연배수문,광산 10 자연배수문,광주광역시 광산구 광산동 230-13,35.25032152,126.7424706,2022.12.31
121,자연배수문,오산 1 자연배수문,광주광역시 광산구 오산동 362-3,35.23194593,126.7317378,2022.12.31
122,자연배수문,오산 2 자연배수문,광주광역시 광산구 오산동 235-2,35.23976397,126.7337965,2022.12.31
123,자연배수문,오산 3 자연배수문,광주광역시 광산구 오산동 133-3,35.2452189,126.7372626,2022.12.31
124,자연배수문,오산 4 자연배수문,광주광역시 광산구 오산동 22-4,35.25102416,126.74072,2022.12.31
125,자연배수문,임곡 1 자연배수문,광주광역시 광산구 임곡동 894-16,35.21520532,126.7419888,2022.12.31
126,자연배수문,임곡 2 자연배수문,광주광역시 광산구 임곡동 608-3,35.21470876,126.7437226,2022.12.31
127,자연배수문,임곡 3 자연배수문,광주광역시 광산구 임곡동 592-1,35.21425763,126.7448319,2022.12.31
128,자연배수문,임곡 4 자연배수문,광주광역시 광산구 임곡동 589-5,35.2139119,126.7455281,2022.12.31
129,자연배수문,임곡 5 자연배수문,광주광역시 광산구 임곡동 585-8,35.2134796,126.7460382,2022.12.31
130,자연배수문,임곡 6 자연배수문,광주광역시 광산구 임곡동 585-10,35.21290193,126.7465151,2022.12.31
131,자연배수문,임곡 7 자연배수문,광주광역시 광산구 임곡동 634-1,35.21250156,126.7470784,2022.12.31
132,자연배수문,임곡 8 자연배수문,광주광역시 광산구 임곡동 640-1,35.21111287,126.747693,2022.12.31
133,자연배수문,박뫼 자연배수문,광주광역시 광산구 박호동 585-10,35.16077232,126.7382636,2022.12.31
134,자연배수문,운평 2 자연배수문,광주광역시 광산구 송산동 262-1,35.15829033,126.7253073,2022.12.31
135,자연배수문,운평 3 자연배수문,광주광역시 광산구 송산동 265-1,35.15999937,126.7222945,2022.12.31
136,자연배수문,죽산 1 자연배수문,광주광역시 광산구 송산동 257-21,35.15885535,126.7300203,2022.12.31
137,자연배수문,죽산 2 자연배수문,광주광역시 광산구 송산동 258-15,35.15901987,126.7290605,2022.12.31
138,자연배수문,내동 자연배수문,광주광역시 광산구 내동송동길 38-16,35.16315156,126.7213375,2022.12.31
139,자연배수문,죽산 4 자연배수문,광주광역시 광산구 송산동 241-16,35.16009613,126.7254348,2022.12.31
140,자연배수문,죽산 5 자연배수문,광주광역시 광산구 송산동 356,35.16104202,126.7236537,2022.12.31
141,자연배수문,내동 1 자연배수문,광주광역시 광산구 송산동 873-5,35.16270186,126.7196138,2022.12.31
142,자연배수문,송동 1 자연배수문,광주광역시 광산구 송산동 1363-7,35.16355617,126.7189139,2022.12.31
143,자연배수문,송동 2 자연배수문,광주광역시 광산구 송산동 1117-7,35.1673062,126.7147237,2022.12.31
144,자연배수문,송동 3 자연배수문,광주광역시 광산구 송산동 1132-3,35.16781172,126.7116568,2022.12.31
145,자연배수문,송동 4 자연배수문,광주광역시 광산구 송산동 217-1,35.16711747,126.7097205,2022.12.31
146,자연배수문,송동 5 자연배수문,광주광역시 광산구 송산동 215-1,35.16711261,126.7075887,2022.12.31
147,자연배수문,송동 6 자연배수문,광주광역시 광산구 송산동 224-24,35.16623545,126.7193417,2022.12.31
148,자연배수문,송동 7 자연배수문,광주광역시 광산구 송산동 304,35.16765112,126.7174806,2022.12.31
149,자연배수문,송동 8 자연배수문,광주광역시 광산구 송산동 297,35.16879554,126.7134383,2022.12.31
150,자연배수문,송동 9 자연배수문,광주광역시 광산구 송산동 210-12,35.16882251,126.7109059,2022.12.31
151,자연배수문,송동 10 자연배수문,광주광역시 광산구 송산동 1304-4,35.16783602,126.7092682,2022.12.31
152,자연배수문,송동 11 자연배수문,광주광역시 광산구 송산동 206-13,35.16882967,126.7063521,2022.12.31
153,자연배수문,도림 1 자연배수문,광주광역시 광산구 도덕동 470-9,35.16895483,126.7038553,2022.12.31
154,자연배수문,도림 2 자연배수문,광주광역시 광산구 도덕동 470-15,35.16949423,126.7022479,2022.12.31
155,자연배수문,도림 3 자연배수문,광주광역시 광산구 도덕동 472-4,35.16933092,126.7003555,2022.12.31
156,자연배수문,봉정 1 자연배수문,광주광역시 광산구 도덕동 366-7,35.16913351,126.6988204,2022.12.31
157,자연배수문,봉정 2 자연배수문,광주광역시 광산구 본량동 223-4,35.16733945,126.6964359,2022.12.31
158,자연배수문,봉정 3 자연배수문,광주광역시 광산구 도덕동 489-6,35.16583209,126.6943135,2022.12.31
159,자연배수문,봉정 4 자연배수문,광주광역시 광산구 오운동 386-3,35.16579505,126.6902686,2022.12.31
160,자연배수문,봉정 5 자연배수문,광주광역시 광산구 오운동 393-1,35.16583701,126.6886339,2022.12.31
161,자연배수문,봉정 6 자연배수문,광주광역시 광산구 오운동 369-2,35.16535299,126.6895155,2022.12.31
162,자연배수문,봉정 7 자연배수문,광주광역시 광산구 오운동 838-9,35.16510413,126.6908228,2022.12.31
163,자연배수문,봉정 8 자연배수문,광주광역시 광산구 도덕동 492-2,35.16526487,126.694027,2022.12.31
164,자연배수문,동호 1 자연배수문,광주광역시 광산구 덕림동 1080-15,35.16983623,126.6830055,2022.12.31
165,자연배수문,동호 2 자연배수문,광주광역시 광산구 동호동 1064-13,35.17071015,126.6834413,2022.12.31
166,자연배수문,동호 3 자연배수문,광주광역시 광산구 동호동 1033-2,35.17570976,126.6818526,2022.12.31
167,자연배수문,동호 4 자연배수문,광주광역시 광산구 동호동 1021-1,35.17718403,126.6808646,2022.12.31
168,자연배수문,동호 5 자연배수문,광주광역시 광산구 동호동 978-1,35.17836969,126.6791682,2022.12.31
169,자연배수문,동호 6 자연배수문,광주광역시 광산구 동호동 981-5,35.17903414,126.6785126,2022.12.31
170,자연배수문,동호 7 자연배수문,광주광역시 광산구 덕림동 1074-17,35.1803055,126.6780056,2022.12.31
171,자연배수문,동호 8 자연배수문,광주광역시 광산구 덕림동 563-3,35.18225223,126.6784773,2022.12.31
172,자연배수문,동호 9 자연배수문,광주광역시 광산구 덕림동 585-6,35.18428635,126.6786608,2022.12.31
173,자연배수문,동호 10 자연배수문,광주광역시 광산구 동호동 756-16,35.18544984,126.6789092,2022.12.31
174,자연배수문,동호 11 자연배수문,광주광역시 광산구 덕림동 1074-19,35.18774991,126.6772484,2022.12.31
175,자연배수문,동호 12 자연배수문,광주광역시 광산구 덕림동 1074-20,35.19077081,126.6777635,2022.12.31
176,자연배수문,동호 13 자연배수문,광주광역시 광산구 양산동 122-1,35.19267974,126.677988,2022.12.31
177,자연배수문,양산 1-1 자연배수문,광주광역시 광산구 양산동 88-2,35.1955463,126.6775106,2022.12.31
178,자연배수문,양산 1 자연배수문,광주광역시 광산구 양산동 88-1,35.1956504,126.6773423,2022.12.31
179,자연배수문,양산 2 자연배수문,광주광역시 광산구 양산동 101,35.19965471,126.6786207,2022.12.31
180,자연배수문,양산 3 자연배수문,광주광역시 광산구 양산동 100-1,35.20124923,126.6782938,2022.12.31
181,자연배수문,양산 4 자연배수문,광주광역시 광산구 양산동 279-2,35.20294308,126.6791917,2022.12.31
182,자연배수문,양산 6 자연배수문,광주광역시 광산구 양산동 288-2,35.20447167,126.6806534,2022.12.31
183,자연배수문,동림 1 자연배수문,광주광역시 광산구 동림동 680-2,35.20576898,126.6809622,2022.12.31
184,자연배수문,동림 2 자연배수문,광주광역시 광산구 동림동 488-1,35.20711404,126.6808836,2022.12.31
185,자연배수문,동림 3 자연배수문,광주광역시 광산구 동림동 488-1,35.20711404,126.6808836,2022.12.31
186,자연배수문,운남 자연배수문,광주광역시 광산구 운남동 599-10,35.16840154,126.8182015,2022.12.31
187,자연배수문,운남 2 자연배수문,광주광역시 광산구 월곡동 480-3,35.16812927,126.8176803,2022.12.31
188,자연배수문,풍영정 1 자연배수문,광주광역시 광산구 수완동 843-3,35.20410804,126.8168152,2022.12.31
189,자연배수문,풍영정 2 자연배수문,광주광역시 광산구 장덕동 493-2,35.20507025,126.8145762,2022.12.31
190,자연배수문,하남 1 자연배수문,광주광역시 광산구 도천동 532-7,35.21874004,126.8117756,2022.12.31
191,자연배수문,하남 2 자연배수문,광주광역시 광산구 비아동 478-15,35.22007817,126.8110174,2022.12.31
192,자연배수문,하남 4 자연배수문,광주광역시 광산구 비아동 478-15,35.22007817,126.8110174,2022.12.31
193,자연배수문,본덕 1 자연배수문,광주광역시 광산구 본덕동 1137,35.08494605,126.7879015,2022.12.31
194,자연배수문,본덕 2 자연배수문,광주광역시 광산구 본덕동 1184,35.0875072,126.7875939,2022.12.31
195,자연배수문,요기 1 자연배수문,광주광역시 광산구 요기동 408-4,35.10832399,126.7683461,2022.12.31
196,자연배수문,요기 2 자연배수문,광주광역시 광산구 동곡동 408-4,35.10832399,126.7683461,2022.12.31
197,자연배수문,요기 3 자연배수문,광주광역시 광산구 요기동 408-4,35.10832399,126.7683461,2022.12.31
198,자연배수문,요기 4 자연배수문,광주광역시 광산구 요기동 406-10,35.10686953,126.7698533,2022.12.31
199,자연배수문,요기 5 자연배수문,광주광역시 광산구 요기동 406-11,35.10541843,126.7713314,2022.12.31
200,자연배수문,요기 6 자연배수문,광주광역시 광산구 요기동 410-3,35.10860827,126.7671208,2022.12.31
201,자연배수문,하산 1 자연배수문,광주광역시 광산구 하산동 488-35,35.1053038,126.7703934,2022.12.31
202,자연배수문,하산 2 자연배수문,광주광역시 광산구 하산동 504-6,35.10208341,126.773707,2022.12.31
203,자연배수문,하산 4 자연배수문,광주광역시 광산구 하산동 502-9,35.09988047,126.775936,2022.12.31
204,자연배수문,하산 6 자연배수문,광주광역시 광산구 하산동 494-5,35.10248635,126.7743001,2022.12.31
205,자연배수문,유계 1 자연배수문,광주광역시 광산구 유계동 1088-2,35.10102231,126.7757843,2022.12.31
206,자연배수문,유계 2 자연배수문,광주광역시 광산구 유계동 1086-2,35.10028376,126.7765339,2022.12.31
207,자연배수문,유계 3 자연배수문,광주광역시 광산구 유계동 618-15,35.09850504,126.783758,2022.12.31
208,자연배수문,유계 4 자연배수문,광주광역시 광산구 유계동 618-15,35.09850504,126.783758,2022.12.31
209,자연배수문,유계 5 자연배수문,광주광역시 광산구 유계동 1143-9,35.09700573,126.7789252,2022.12.31
210,자연배수문,유계 6 자연배수문,광주광역시 광산구 유계동 1143-10,35.09556836,126.7804364,2022.12.31
211,자연배수문,유계 7 자연배수문,광주광역시 광산구 유계동 1143-16,35.0985875,126.7758089,2022.12.31
212,자연배수문,유계 8 자연배수문,광주광역시 광산구 유계동 1143-12,35.09412875,126.781961,2022.12.31
213,자연배수문,유계 9 자연배수문,광주광역시 광산구 유계동 607-32,35.09971036,126.777097,2022.12.31
214,자연배수문,유계 10 자연배수문,광주광역시 광산구 유계동 1142-6,35.09885112,126.7779993,2022.12.31
215,자연배수문,유계 11 자연배수문,광주광역시 광산구 유계동 1142-7,35.09740313,126.7795138,2022.12.31
216,자연배수문,유계 12 자연배수문,광주광역시 광산구 유계동 1142-11,35.09596078,126.7810151,2022.12.31
217,자연배수문,유계 13 자연배수문,광주광역시 광산구 유계동 1142-12,35.09452368,126.7825385,2022.12.31
218,자연배수문,유계 14 자연배수문,광주광역시 광산구 유계동 1143-15,35.09268082,126.783488,2022.12.31
219,자연배수문,평동 1 자연배수문,광주광역시 광산구 연산동 1140,35.11641528,126.7601498,2022.12.31
220,자연배수문,평동 2 자연배수문,광주광역시 광산구 연산동 1177,35.11416376,126.7611989,2022.12.31
221,자연배수문,평동 3 자연배수문,광주광역시 광산구 연산동 1048-6,35.11336383,126.7627752,2022.12.31
222,자연배수문,평동 4 자연배수문,광주광역시 광산구 연산동 138-2,35.11233812,126.7633027,2022.12.31
223,자연배수문,평동 5 자연배수문,광주광역시 광산구 연산동 136-1,35.11115096,126.7649873,2022.12.31
224,자연배수문,평동 6 자연배수문,광주광역시 광산구 연산동 138-4,35.10916971,126.7665436,2022.12.31
225,자연배수문,평동 7 자연배수문,광주광역시 광산구 요기동 409-1,35.10738711,126.7688185,2022.12.31
226,자연배수문,평동 8 자연배수문,광주광역시 광산구 연산동 135-4,35.10978017,126.766855,2022.12.31
227,자연배수문,평동 9 자연배수문,광주광역시 광산구 연산동 133-3,35.11127251,126.7653339,2022.12.31
228,자연배수문,평동 10 자연배수문,광주광역시 광산구 연산동 132-3,35.11272977,126.7638635,2022.12.31
229,자연배수문,평동 11 자연배수문,광주광역시 광산구 월전동 58-6,35.11356943,126.7627734,2022.12.31
230,자연배수문,평동 12 자연배수문,광주광역시 광산구 연산동 1139,35.11444114,126.762589,2022.12.31
231,자연배수문,평동 13 자연배수문,광주광역시 광산구 연산동 1137-2,35.11645905,126.7606353,2022.12.31
232,자연배수문,평동 14 자연배수문,광주광역시 광산구 연산동 1137-1,35.11811289,126.7592327,2022.12.31
233,자연배수문,평동 15 자연배수문,광주광역시 광산구 옥동 282-57,35.12022182,126.7573846,2022.12.31
234,자연배수문,평동 16 자연배수문,광주광역시 광산구 옥동 282-56,35.12099512,126.7567182,2022.12.31
235,자연배수문,평동 17 자연배수문,광주광역시 광산구 옥동 282-55,35.12177013,126.7560566,2022.12.31
236,자연배수문,평동 18 자연배수문,광주광역시 광산구 연산동 76-27,35.12098193,126.7558985,2022.12.31
237,자연배수문,평동 19 자연배수문,광주광역시 광산구 연산동 76-29,35.1196426,126.7570233,2022.12.31
238,자연배수문,평동 20 자연배수문,광주광역시 광산구 연산동 56-25,35.1193117,126.7572893,2022.12.31
239,자연배수문,평동 21 자연배수문,광주광역시 광산구 연산동 76-25,35.12249111,126.7546176,2022.12.31
240,자연배수문,평동 22 자연배수문,광주광역시 광산구 용곡동 49-24,35.12328836,126.7538157,2022.12.31
241,자연배수문,평동 23 자연배수문,광주광역시 광산구 용곡동 49-23,35.12414538,126.753196,2022.12.31
242,자연배수문,평동 24 자연배수문,광주광역시 광산구 용곡동 49-20,35.12498463,126.7509028,2022.12.31
243,자연배수문,평동 25 자연배수문,광주광역시 광산구 용곡동 22-15,35.12589759,126.7486616,2022.12.31
244,자연배수문,평동 27 자연배수문,광주광역시 광산구 용곡동 49-19,35.12594926,126.7483224,2022.12.31
245,자연배수문,평동 28 자연배수문,광주광역시 광산구 용곡동 22-13,35.12583874,126.7493619,2022.12.31
246,자연배수문,평동 29 자연배수문,광주광역시 광산구 옥동 282-50,35.12557182,126.7507052,2022.12.31
247,자연배수문,평동 30 자연배수문,광주광역시 광산구 옥동 134-16,35.12544439,126.7519432,2022.12.31
248,자연배수문,평동 31 자연배수문,광주광역시 광산구 옥동 282-51,35.12493803,126.7531036,2022.12.31
249,자연배수문,평동 32 자연배수문,광주광역시 광산구 옥동 282-52,35.12412673,126.754044,2022.12.31
250,자연배수문,평동 33 자연배수문,광주광역시 광산구 옥동 282-53,35.12334399,126.7547115,2022.12.31
251,저류지,평동산단 제1저류지,광주광역시 광산구 월전동 1267,35.12471753,126.77748,2022.12.31
252,저류지,평동산단 제2저류지,광주광역시 광산구 월전동 1025,35.1133055,126.7729376,2022.12.31
253,저류지,선운지구 제1저류지,광주광역시 광산구 선암동 793,35.14679063,126.7715883,2022.12.31
254,저류지,선운지구 제2저류지,광주광역시 광산구 선암동 544,35.1451575,126.7804377,2022.12.31
255,저류지,진곡산단 저류지 A,광주광역시 광산구 진곡동 653,35.20549062,126.7888628,2022.12.31
256,저류지,진곡산단 저류지 B,광주광역시 광산구 오선동 587,35.19860302,126.7934521,2022.12.31
257,저류지,진곡산단 저류지 C,광주광역시 광산구 하남동 455-1,35.21817351,126.8017061,2022.12.31
258,저류지,진곡산단 저류지 D,광주광역시 광산구 진곡동 595,35.20600771,126.7815873,2022.12.31